Product Name,Manufacturer,Category / Use,Signal Word,GHS Hazard Codes,Precautionary (P) Codes,DOT / UN,Appearance / Odor,pH,Specific Gravity,Flash Point,Boiling Point,Solubility,Dilution,Coverage (sq ft/gal),Spec File,Notes,SDS File
ABF Restoration,"""EaCo Chem, Inc.""",Ammonium bifluoride restoration detergent; non-HF; removes black stains on glazed brick/terra cotta,DANGER,H290; H302; H314; H373,P234; P260; P264; P270; P273; P280; P301; P303; P304; P305; P310; P312; P330; P331; P338; P340; P351; P353; P361; P363; P390; P406; P501,nan,Strong Scent,1,1.1,No data available,100,Fully Miscible,1–10:1 for restoration; 8–20:1 for lane/sidewalk cleaning without heavy oil; use caution undiluted,nan,nan,FR SDS available.,SDS/Eacochem/SDS-ABF-RESTORATION_FR.pdf
PURPLE PLUS BC,"""EaCo Chem, Inc.""",nan,DANGER,H301; H315; H319,P260; P262; P264; P270; P280; P301; P303; P304; P305; P315; P330; P331; P338; P340; P351; P353; P361; P363; P376; P391; P404; P501,UN1760,Mild odor,1,1.09,N o data available,100,Complete,nan,nan,nan,FR SDS available.,SDS/Eacochem/SDS_AP_PLUS_BC.pdf
ART,"""EaCo Chem, Inc.""",nan,DANGER,H304; H305; H332; H335,P202; P261; P270; P271; P301; P304; P314; P330; P331; P501,nan,nan,nan,nan,nan,nan,nan,nan,nan,nan,FR SDS available.,SDS/Eacochem/SDS-ART_FR.pdf
Acrylicstrip,"""EaCo Chem, Inc.""","""Solvent-based sealer/paint/coating remover; strips acrylics",latexes,"polyurethane""",nan,nan,nan,nan,nan,nan,nan,nan,Undiluted,nan,nan,EXTRA_LEFT:,SDS/Eacochem/SDS-ACRYLICSTRIP_FR.pdf
Alkaline Stone Cleaner,"""EaCo Chem, Inc.""",nan,DANGER,H303; H316; H320,P202; P264; P270; P273; P280; P305; P314; P315; P338; P352; P363; P501,UN1760,Fresh Scent,13,1.03,No data available,and boiling range: Not applicable,Fully Miscible,nan,nan,nan,FR SDS available.,SDS/Eacochem/SDS-Alkaline-Stone-Cleaner-1.pdf
Bleach Magic,"""EaCo Chem, Inc.""",nan,WARNING,H316; H320,P202; P264; P270; P273; P280; P302; P305; P313; P314; P315; P332; P338; P350; P352; P501,nan,Mild Scent,11,1.08,No data available,100,Fully Miscible,nan,nan,nan,FR SDS available.,SDS/Eacochem/SDS-Bleach-Magic-2025.pdf
C TAR MELT,"""EaCo Chem, Inc.""",nan,DANGER,H227; H302; H305; H312; H315; H319; H332; H335; H402,P261; P264; P270; P271; P280; P301; P303; P304; P305; P314; P315; P330; P331; P338; P340; P352; P362; P363,nan,nan,7,nan,nan,nan,nan,nan,nan,nan,FR SDS available.,SDS/Eacochem/SDS_C-TAR_MELT_FR.pdf
Calcite Presoak,"""EaCo Chem, Inc.""",Pre-soak to facilitate calcite removal on clay brick (use with NMD 80),DANGER,H302; H319,P264; P280; P301; P303; P304; P305; P315; P330; P331; P338; P340; P352; P361; P390; P406; P501,UN1760,nan,1,nan,nan,nan,nan,Undiluted,nan,nan,FR SDS available.,SDS/Eacochem/SDS-CALCITE-PRESOAK_FR.pdf
Calcium Silicate Cleaner,"""EaCo Chem, Inc.""",Buffered detergent for cleaning calcium silicate masonry (Arriscraft),DANGER,H314; H318; H335,P234; P261; P264; P271; P280; P285; P301; P303; P304; P305; P310; P312; P321; P330; P331; P338; P340; P351; P353; P361; P363; P390; P391; P406,UN1760,nan,nan,nan,nan,nan,nan,4:1 (water:CSC) via EC Jet,100–200,nan,FR SDS available.,SDS/Eacochem/SDS_Calcium_Silicate_Cleaner_FR.pdf
Calcium Silicate Cleaner,"""EaCo Chem, Inc.""",Buffered detergent for cleaning calcium silicate masonry (Arriscraft),DANGER,H290; H303; H314; H318; H335,P202; P234; P260; P261; P264; P271; P273; P280; P285; P301; P303; P304; P305; P310; P312; P321; P330; P331; P338; P340; P351; P353; P361; P363; P390; P391; P406; P501,UN1760,Strong Scent,nan,1.075,No data available,100,Fully Miscible,4:1 (water:CSC) via EC Jet,100–200,SDS/Eacochem/Calcium-Silicate-Cleaner-new-data-sheet_2025.pdf,FR SDS available.,SDS/Eacochem/SDS-Calcium-Silicate-Cleaner-2023.pdf
Cleansol BC,"""EaCo Chem, Inc.""",Brushless oxidation & soil remover (all‑purpose alkaline cleaner); exterior surfaces,DANGER,H290; H302; H305; H314; H318; H319; H332; H373; H402,P202; P233; P234; P260; P262; P264; P270; P273; P280; P301; P303; P304; P305; P315; P330; P331; P338; P340; P351; P353; P361; P363; P390; P501,UN1760,Mild citrus odor,N o data available,> 100 °C (> 212 °F),Complete,4,then: 10:1 difficult,"20:1 light; undiluted for gutters/downspouts""",100–250,nan,FR SDS available. | EXTRA_LEFT: 13.5 | 1.09,SDS/Eacochem/SDS_CLEANSOL_BC.pdf
C-TAR MELT,"""EaCo Chem, Inc.""",nan,nan,nan,nan,nan,nan,nan,nan,nan,nan,nan,nan,nan,nan,nan,SDS/Eacochem/SDS_CTARMELT.pdf
CT WASH,"""EaCo Chem, Inc.""",nan,DANGER,H290; H303; H314; H318; H335,P202; P234; P260; P261; P264; P271; P273; P280; P285; P301; P303; P304; P305; P310; P312; P321; P330; P331; P338; P340; P351; P353; P361; P363; P390; P391; P406; P501,UN1760,Strong Scent,1,1.15,No data available,100,Fully Miscible,nan,nan,nan,FR SDS available.,SDS/Eacochem/SDS_CTWASH.pdf
DAZZLE BC,"""EaCo Chem, Inc.""",One‑step brushless truck wash; safe for polished aluminum; indoor‑safe surfactant blend,nan,nan,nan,nan,nan,nan,nan,nan,nan,"""Pre‑dilute 4:1 to RTU base","then 10:1 difficult; 20:1 routine cleaning""",nan,nan,EXTRA_LEFT:,SDS/Eacochem/SDS_DAZZLE_BC.pdf
EC 101 WB,"""EaCo Chem, Inc.""",nan,WARNING,H316; H320,P202; P264; P270; P273; P280; P305; P314; P315; P338; P352; P363; P501,nan,Slight,nan,1,No data available,100,Fully Miscible,nan,nan,nan,FR SDS available.,SDS/Eacochem/SDS_EC_101_WB.pdf
EC102 SOL,"""EaCo Chem, Inc.""",nan,DANGER,H227; H304; H315; H319,P210; P235; P280; P301; P310; P331; P370; P378; P403; P405; P501,UN1993,solvent,nan,0.76,150,212,Nil,nan,nan,nan,FR SDS available.,SDS/Eacochem/SDS_EC_102_SOL.pdf
EF-FORTLESS,"""EaCo Chem, Inc.""",nan,WARNING,H315; H319,P202; P264; P270; P273; P280; P303; P305; P314; P315; P338; P352; P362; P363; P501,nan,Mild odor,2,1.08,No data available,100,Fully Miscible,nan,nan,nan,FR SDS available.,SDS/Eacochem/SDS_EF-FORTLESS.pdf
EF Fortless French,"""EaCo Chem, Inc.""",nan,DANGER,H315; H319,P202; P264; P270; P273; P280; P303; P305; P314; P315; P338; P352; P362; P363; P501,nan,nan,2,nan,nan,nan,nan,nan,nan,nan,FR SDS available.,SDS/Eacochem/SDS-EF-FORTLESS-French.pdf
Glory Truckwash BC,"""EaCo Chem, Inc.""",nan,DANGER,H290; H302; H305; H314; H318; H319; H332; H373; H402,P202; P233; P234; P260; P262; P264; P270; P273; P280; P301; P303; P304; P305; P315; P330; P331; P338; P340; P351; P353; P361; P363; P390; P501,UN1760,Mild citrus odor,13.5,1.09,N o data available,100,Complete,nan,nan,nan,FR SDS available.,SDS/Eacochem/SDS_GLORY_TW_BC.pdf
Graf-Ex,"""EaCo Chem, Inc.""",nan,WARNING,H227; H302; H305; H312; H315; H319; H333; H335; H350; H360; H373; H402,P202; P210; P221; P261; P264; P270; P271; P273; P280; P284; P301; P303; P304; P305; P308; P310; P313; P314; P315; P330; P331; P338; P340; P352; P362; P363; P370; P378; P501,nan,solvent,7.5,0.9,120,212,Forms a milky while emulsion,nan,nan,nan,FR SDS available.,SDS/Eacochem/SDS_GRAFX.pdf
HD Britenol,"""EaCo Chem, Inc.""","""All‑purpose mild‑acid cleaner for masonry",stone,"siding; safe on glass when used as directed""",WARNING,H290; H302; H315; H319; H335; H402,P202; P233; P234; P264; P270; P273; P280; P301; P303; P304; P305; P314; P315; P330; P331; P338; P340; P352; P362; P363; P501,nan,1.09,No data available,100,Fully Miscible,4:1 asphalt shingles; undiluted–15:1 for aggressive staining; 20–60:1 for maintenance,nan,nan,FR SDS available. | EXTRA_LEFT: Pleasant  Scent,SDS/Eacochem/SDS_HD_BRITENOL.pdf
HD DEGREASER,"""EaCo Chem, Inc.""",nan,DANGER,H290; H302; H305; H314; H318; H319; H332; H373; H402,P202; P233; P234; P260; P262; P264; P270; P273; P280; P301; P303; P304; P305; P315; P330; P331; P338; P340; P351; P353; P361; P363; P390; P501,UN1760,Mild citrus odor,13.5,1.05,N o data available,100,Complete,nan,nan,nan,FR SDS available.,SDS/Eacochem/SDS_HD_DEGREASER.pdf
HD Sabre,"""EaCo Chem, Inc.""",nan,WARNING,H290; H302; H315; H319; H335; H402,P202; P233; P234; P264; P270; P273; P280; P301; P303; P304; P305; P314; P315; P330; P331; P338; P340; P352; P362; P363; P501,nan,Pleasant  Scent,nan,1.09,No data available,100,Fully Miscible,nan,nan,nan,FR SDS available.,SDS/Eacochem/SDS_HD_SABRE.pdf
Heritage Restorer (Adv.),"""EaCo Chem, Inc.""",nan,WARNING,H290; H315; H320,P233; P234; P262; P264; P270; P280; P303; P305; P313; P315; P332; P337; P352; P353; P361; P363,nan,Pleasant Scent,nan,1.18,No data available,100,Fully Miscible,nan,nan,nan,FR SDS available.,SDS/Eacochem/SDS_HERITAGE_RESTORER.pdf
HOT STAIN REMOVER,"""EaCo Chem, Inc.""",nan,DANGER,H290; H302; H305; H314; H318; H319; H332; H373; H402,P202; P233; P234; P260; P262; P264; P270; P273; P280; P301; P303; P304; P305; P315; P330; P331; P338; P340; P351; P353; P361; P363; P376; P390; P391; P404; P501,UN1760,Mild odor,13.5,1.12,N o data available,100,Complete,nan,nan,nan,FR SDS available.,SDS/Eacochem/SDS_HOTSTAINREMOVER.pdf
InStrip,"""EaCo Chem, Inc.""",nan,WARNING,H227; H315; H319; H335; H360,P202; P233; P235; P251; P261; P263; P264; P270; P271; P273; P280; P301; P302; P304; P305; P314; P315; P330; P331; P338; P340; P351; P352; P363; P403; P501,nan,mild,7.5,1.03,150,nan,Slight,nan,nan,nan,FR SDS available.,SDS/Eacochem/SDS_INSTRIP.pdf
LCS,"""EaCo Chem, Inc.""",nan,DANGER,H290; H302; H305; H314; H318; H319; H332; H373; H402,P202; P233; P234; P260; P262; P264; P270; P273; P280; P301; P303; P304; P305; P315; P330; P331; P338; P340; P351; P353; P361; P363; P376; P390; P391; P404; P501,UN1760,Mild odor,13.5,1.13,N o data available,100,Complete,nan,nan,nan,FR SDS available.,SDS/Eacochem/SDS_LCS.pdf
NMD 80 French,"""EaCo Chem, Inc.""",nan,DANGER,H290; H303; H314; H318; H335,P202; P234; P260; P261; P264; P271; P273; P280; P285; P301; P303; P304; P305; P310; P312; P321; P330; P331; P338; P340; P351; P353; P361; P363; P390; P391; P406; P501,nan,nan,1,nan,nan,nan,nan,nan,nan,nan,FR SDS available.,SDS/Eacochem/SDS-NMD-80-French.pdf
NMD80,"""EaCo Chem, Inc.""",nan,DANGER,H290; H303; H314; H318; H335,P202; P234; P260; P261; P264; P271; P273; P280; P285; P301; P303; P304; P305; P310; P312; P321; P330; P331; P338; P340; P351; P353; P361; P363; P390; P391; P406; P501,UN1760,Strong Scent,1,1.15,No data available,100,Fully Miscible,nan,nan,nan,FR SDS available.,SDS/Eacochem/SDS_NMD80.pdf
ONERESTORE,"""EaCo Chem, Inc.""",nan,WARNING,H290; H302; H315; H319; H335; H402,P202; P233; P234; P264; P270; P273; P280; P301; P303; P304; P305; P314; P315; P330; P331; P338; P340; P352; P362; P363; P501,nan,Pleasant  Scent,nan,1.117,No data available,100,Fully Miscible,nan,nan,nan,FR SDS available.,SDS/Eacochem/SDS_ONERESTORE.pdf
Plus,"""EaCo Chem, Inc.""",nan,nan,nan,nan,nan,Mild Odor,12,1.09,N o data available,No data available,Complete,nan,nan,nan,FR SDS available.,SDS/Eacochem/SDS_PLUS.pdf
Polished Stone Cleaner,"""EaCo Chem, Inc.""",nan,WARNING,H316; H320,P202; P264; P270; P273; P280; P305; P314; P315; P338; P352; P363; P501,nan,Fresh Scent,7.8,1.13,No data available,100,Fully Miscible,nan,nan,nan,FR SDS available.,SDS/Eacochem/SDS_POLISHEDSTONECLEANER.pdf
RS-10 BC,"""EaCo Chem, Inc.""",nan,WARNING,H316; H320,P202; P264; P270; P273; P280; P305; P314; P315; P338; P352; P363; P501,nan,Fresh Scent,10.5,1.13,No data available,100,Fully Miscible,nan,nan,nan,FR SDS available.,SDS/Eacochem/SDS_RS10BC.pdf
SOS 50 French,"""EaCo Chem, Inc.""",nan,DANGER,H290; H315; H320,P233; P234; P262; P264; P270; P280; P303; P305; P313; P315; P332; P337; P352; P353; P361; P363,nan,nan,nan,nan,nan,nan,nan,nan,nan,nan,FR SDS available.,SDS/Eacochem/SDS-SOS-50-French.pdf
Sabre II,"""EaCo Chem, Inc.""",nan,WARNING,H290; H315; H320,P233; P234; P262; P264; P270; P280; P303; P305; P313; P315; P332; P337; P352; P353; P361; P363,nan,Mild,nan,1.18,No data available,100,Fully Miscible,nan,nan,nan,FR SDS available.,SDS/Eacochem/SDS_SABRE_2.pdf
Sizzle RTU,"""EaCo Chem, Inc.""",nan,nan,H316,P202; P264; P270; P273; P314; P363; P501,nan,Mild Scent,12,1.07,No data available,100,Fully Miscible,nan,nan,nan,FR SDS available.,SDS/Eacochem/_sds-sizzle_rtu-1_1.pdf
SIZZLE PELS POWDER,"""EaCo Chem, Inc.""",nan,DANGER,H290; H314; H318; H402,P202; P234; P260; P264; P273; P280; P301; P303; P304; P305; P310; P330; P331; P338; P340; P351; P353; P361; P363; P376; P390; P391; P405; P406; P501,nan,Mild odorless,1,390 °C (2,534,0.1,"260 g/l at 20 °C (68 °F)""",nan,nan,nan,FR SDS available. | EXTRA_LEFT: 14 | 2.13 | Not applicable,SDS/Eacochem/_sds_sizzle_pels_powder-1_1.pdf
"""Sizzle Powder Add","Part -A Page: 1 of 6 Issued: 4/18/2025 Version: 2.1""","""EaCo Chem","Inc.""",nan,nan,nan,nan,8,nan,N o data available,No data available,Complete,nan,nan,nan,FR SDS available. | EXTRA_LEFT: No data available,SDS/Eacochem/_sds-sizzle_powder-add-part-a-1_1.pdf
Smoke Melt,"""EaCo Chem, Inc.""",High-alkaline cleaner for heavy soil deposits; strips latex/enamel; fire smoke on masonry,DANGER,H290; H302; H305; H314; H318; H319; H332; H373; H402,P202; P233; P234; P260; P262; P264; P270; P273; P280; P301; P303; P304; P305; P315; P330; P331; P338; P340; P351; P353; P361; P363; P376; P390; P391; P404; P501,nan,Mild odor,13.5,1.12,N o data available,100,Complete,4:1–9:1 severe smoke; 15:1 light smoke; undiluted–10:1 for brushing/oil stain removal,nan,nan,FR SDS available.,SDS/Eacochem/SDS_SMOKE_MELT.pdf
SOS 50,"""EaCo Chem, Inc.""",nan,WARNING,H290; H315; H320,P233; P234; P262; P264; P270; P280; P303; P305; P313; P315; P332; P337; P352; P353; P361; P363,UN3082,Mild o dor,nan,1.11,No data available,100,Fully Miscible,nan,nan,nan,FR SDS available.,SDS/Eacochem/SDS_SOS50.pdf
Stripper Cream,"""EaCo Chem, Inc.""",nan,DANGER,H290; H302; H305; H314; H318; H332; H373; H402,P202; P233; P234; P260; P262; P264; P270; P273; P280; P301; P303; P304; P305; P315; P330; P331; P338; P340; P351; P353; P361; P363; P390; P501,UN1760,Citrus odor,13.5,1.78,N o data available,100,Complete,nan,nan,nan,FR SDS available.,SDS/Eacochem/SDS_Stripper_Cream.pdf
Stripsol LO,"""EaCo Chem, Inc.""",nan,WARNING,H227; H302; H305; H312; H315; H319; H332; H335; H360,P210; P233; P235; P261; P264; P270; P271; P280; P301; P303; P304; P305; P314; P315; P330; P331; P338; P340; P352; P362; P363; P403; P501,nan,solvent,nan,0.9,165,212,Soluble,nan,nan,nan,FR SDS available.,SDS/Eacochem/SDS_STRIPSOL_LO.pdf
Supreme BC,"""EaCo Chem, Inc.""","""Brushless","spot‑free drying fleet/vehicle wash; safe on polished aluminum""",DANGER,H290; H302; H305; H314; H318; H319; H332; H373; H402,P233; P234; P260; P262; P264; P270; P280; P301; P303; P304; P305; P315; P330; P331; P338; P340; P351; P353; P361; P363; P376; P391; P404; P501,nan,13.5,1.11,N o data available,100,Complete,Pre‑cut 4:1 to RTU; then 10:1 fleet; 20:1 general/vehicle; 50:1 brush/new car; 8:1 whitewall w/ brush; 3:1 whitewall no brush,nan,nan,FR SDS available. | EXTRA_LEFT: Mild odor,SDS/Eacochem/SDS_SUPREME_BC.pdf
WSP,"""EaCo Chem, Inc.""",nan,DANGER,H290; H302; H314; H318; H373,P202; P234; P260; P264; P270; P273; P280; P301; P303; P304; P305; P310; P312; P321; P330; P331; P338; P340; P351; P353; P361; P363; P390; P406; P501,UN1760,Strong Scent,1.5,1.1,No data available,100,Fully Miscible,nan,nan,nan,FR SDS available.,SDS/Eacochem/SDS_White-Scum-Presoak-.pdf
WSP,"""EaCo Chem, Inc.""",nan,DANGER,H290; H302; H314; H318; H373,P202; P234; P260; P264; P270; P273; P280; P301; P303; P304; P305; P310; P312; P321; P330; P331; P338; P340; P351; P353; P361; P363; P390; P406; P501,nan,nan,1,nan,nan,nan,nan,nan,nan,nan,FR SDS available.,SDS/Eacochem/SDS-WHITE-SCUM-PRESOAK-French.pdf
EBC Australia,Enviro Bio Cleaner,nan,nan,H290; H302; H314; H315; H335; H402,P102; P103; P261; P273; P280; P303; P305; P312; P313; P330; P331; P332; P338; P351; P353; P361; P362; P391,nan,"""Clear to cloudy liquidFlammability:product is not flammableMelting Point:NABoiling Point:100°C  Flash Point:NAVapour Pressure:unknown  Vapour Densityunknown  pH12-13  Specific  Gravity:1.02-1.05 @ 20°C Solubility in waterInfinitely dilutableSECTION 10 STABILITY AND REACTIVITYChemical Reactivity Stable under normal conditions of use. Chemical stabilityStable under normal conditions of use. Conditions to avoidNo additional remark. Incompatible materialsOxidising agents  (Class 5)",+1,Ashmore,QLD,4214,"2020""",nan,nan,nan,"FR SDS available. | EXTRA_LEFT: strong acids (Class 8).Hazardous decomposition productsOxides of carbon  (COX)  and corrosive sodium oxide vapours may be generated.Hazardous reactionsNo dangerous reaction known under conditions of normal use.SECTION 11 TOXICOLOGICAL INFORMATIONNo adverse health effects expected if the product is handled in accordance with this Safety Data Sheet and the product label. Symptoms or effects that may arise if the product is mishandled and overexposure occurs are:SYMPTOMS OF EXPOSURESwallowed:Ingestion of large amounts may result in abdominal pain | nausea or vomiting | irritation of the gastrointestinal  tract.Eye:A moderate to severe irritant | causing pain | redness | and tearing.Skin:Irritant to the skin. However repeated or prolonged contact may result in irritation or dermatitis in some individuals.Inhalation:Vapour is irritant to mucous membranes and respiratory tract.Enviro Bio Cleaner PH: +1 (707) 759 2244. Distributed by Softwash Australia 4/10 Green Glen Road | Ashmore | QLD | 4214 Ph: +61 400210646 Review Date: 21 September 2020 Print Date:23 September | 2020"" | 1.02 | NAVapour Pressure:unknown Vapour Densityunknown pH12-13 Specific | ""100°C  Flash Point:NAVapour Pressure:unknown  Vapour Densityunknown  pH12-13  Specific  Gravity:1.02-1.05 @ 20°C Solubility in waterInfinitely dilutableSECTION 10 STABILITY AND REACTIVITYChemical Reactivity Stable under normal conditions of use. Chemical stabilityStable under normal conditions of use. Conditions to avoidNo additional remark. Incompatible materialsOxidising agents  (Class 5) | strong acids (Class 8).Hazardous decomposition productsOxides of carbon  (COX)  and corrosive sodium oxide vapours may be generated.Hazardous reactionsNo dangerous reaction known under conditions of normal use.SECTION 11 TOXICOLOGICAL INFORMATIONNo adverse health effects expected if the product is handled in accordance with this Safety Data Sheet and the product label. Symptoms or effects that may arise if the product is mishandled and overexposure occurs are:SYMPTOMS OF EXPOSURESwallowed:Ingestion of large amounts may result in abdominal pain | nausea or vomiting | irritation of the gastrointestinal  tract.Eye:A moderate to severe irritant | causing pain | redness | and tearing.Skin:Irritant to the skin. However repeated or prolonged contact may result in irritation or dermatitis in some individuals.Inhalation:Vapour is irritant to mucous membranes and respiratory tract.Enviro Bio Cleaner PH: +1 (707) 759 2244. Distributed by Softwash Australia 4/10 Green Glen Road | Ashmore | QLD | 4214 Ph: +61 400210646 Review Date: 21 September 2020 Print Date:23 September | 2020"" | ""in waterInfinitely dilutableSECTION 10 STABILITY AND REACTIVITYChemical Reactivity Stable under normal conditions of use. Chemical stabilityStable under normal conditions of use. Conditions to avoidNo additional remark. Incompatible materialsOxidising agents  (Class 5) | strong acids (Class 8).Hazardous decomposition productsOxides of carbon  (COX)  and corrosive sodium oxide vapours may be generated.Hazardous reactionsNo dangerous reaction known under conditions of normal use.SECTION 11 TOXICOLOGICAL INFORMATIONNo adverse health effects expected if the product is handled in accordance with this Safety Data Sheet and the product label. Symptoms or effects that may arise if the product is mishandled and overexposure occurs are:SYMPTOMS OF EXPOSURESwallowed:Ingestion of large amounts may result in abdominal pain | nausea or vomiting | irritation of the gastrointestinal  tract.Eye:A moderate to severe irritant | causing pain | redness",SDS/Envirobiocleaner/EBC_Australia_SDS.pdf
IDENTITY: ENVIRO BIO CLEANER GLIDE,Enviro Bio Cleaner,nan,nan,nan,nan,nan,Blue liquid detergent odor.  Odor optional,1,nan,(Method Used): None Flammable Limits:,212,in water...... Complete    (Butyl Acetate=1),nan,nan,nan,FR SDS available.,SDS/Envirobiocleaner/SDS_glide-window-cleaning-soap.pdf
Hand Sanitizer Non-Sterile Solution,Enviro Bio Cleaner,nan,WARNING,H225; H319; H335; H336,P210; P233; P240; P242; P243; P304; P305; P312; P313; P337; P338; P340; P351; P370; P378; P403; P405,"""UN1987",Class 3,7,0.875,No data available,/Boiling Range  No data  available,Not determined,nan,nan,nan,"FR SDS available. | EXTRA_LEFT: PG II""",SDS/Envirobiocleaner/SDS_hand-sanitizer.pdf
Enviro Bio Cleaner,Enviro Bio Cleaner,nan,DANGER,nan,nan,nan,Characteristic Clean,12,1.05,200,212,Soluble in water.  :,nan,nan,nan,FR SDS available.,SDS/Envirobiocleaner/SDS_multipurpose-cleaner.pdf
Enviro Bio Cleaner Restorer,Enviro Bio Cleaner,"""Restoration cleaner; acid replacement for rust",efflorescence,mineral deposits,"concrete brightening""",DANGER,nan,nan,nan,Not determin ed,Not determin ed,Complete,Heavy 1:5; Moderate 1:10; Light 1:20; Rust up to 1:1,nan,nan,FR SDS available. | EXTRA_LEFT: Non‑regulated (Hazmat DOT classification) | Sligh t odor,SDS/Envirobiocleaner/EBC-Restore-SDS-September-2020-1.pdf
BARC,Front 9 Restoration,nan,DANGER,H301; H318; H331,P234; P316; P330; P331; P338; P340; P351; P353; P378,"""UN1760",DOT Proper shipping name: : Corrosive Liquid,ammonia,hydrogen fluoride,and nitrogen oxides. Violent to explosive reaction with many compounds e.g.: with (strong) reducers,with (some) bases,"with organic material and with combustible materials with risk of spontaneous ignition. Reacts violently with (some) metals. Decomposes slowly on exposure to light: release of toxic and corrosive gases/vapors (nitrous vapors). Violent to explosive reaction with (some) metal powders: release of highly flammable gases/vapors (hydrogen).Chemical StabilityUnstable on exposure to light. Hygroscopic.Possiblilty of hazardous reactionsMay react violently with reducing agents.Conditions to avoidDirect sunlight. Incompatible materials.Incompatible materialsStrong bases. Strong reducing agents. Organic compounds. Cyanides. Combustible materials. Aldehydes. Ammonia. Metals. Alcohols.""",nan,nan,nan,"FR SDS available. | EXTRA_LEFT: n.o.s. Department of Transportation (DOT) Hazard: 8 - Class 8 - Corrosive material 49 CFR 173.136 ClassesHazard labels (DOT)Packing group (DOT): III - Low DangerDOT Special Provisions (49 CFR 172.102): B2 - MC 300 | MC 301 | MC 302 | MC 303 | MC 305 | and MC 306 and DOT 406 cargo tanks are not authorized.: B47 - Each tank may have a reclosing pressure relief device having a start-to-discharge pressure setting of 310 kPa (45 psig).: IP15 - For UN1760 rigid plastic IBCs and composite IBCs with a rigid plastic inner receptacle are authorized for two years from the date of IBC manufacture.: T8 - 4 178.274(d)(2) Normal............. Prohibited: TP2 - a. The maximum degree of filling must not exceed the degree of filling determined by the following: (image) Where: tr is the maximum mean bulk temperature during transport | tf is the temperature in degrees celsius of the liquid during filling | and is the mean coefficient of cubical expansion of the liquid between the mean temperature of the liquid during filling (tf) and the maximum mean bulk temperature during transportation (tr) both in degrees celsius. b. For liquids transported under ambient conditions may be calculated using the formula: (image) Where: d15 and d50 are the densities (in units of mass per unit volume) of the liquid at 15 C (59 F) and 50 C (122 F) | respectively.DOT Packaging Exceptions (49 CFR 173.xxx): Can ship Limited Quantity per 49 CFR 173.156DOT Packaging Non Bulk (49 CFR 173.xxx): 158DOT Packaging Bulk (49 CFR 173.xxx): 242Additional InformationOther Information: No supplementary information available.State during transport (ADR-RID): As liquid.Overland transportPacking group (ADR): III"" | ""LiquidMolecular mass: Not AvailableColor: Colorless-water white. On exposure to light may turn yellow. / Irritating/pungent odor. Asphyxiating odorpH: 3.3-3.8pH solution: 6%Relative evaporation rate (butylacetate=1): No data availableMelting point: No data availableFreezing point: No data availableBoiling point: 83 - 122 °CFlash point: Not applicableSelf Ignition temperature: No data availableDecomposition temperature: No data availableFlammability (solid | gas): No data availableVapor pressure: No data availableRelative vapour density at 20 °C: No data availableRelative Density: 1.66-1.7Relative density of saturated gas/air misture: No data availableDensity: 1660 – 1700 kg/m3Water Solubility: Water: CompleteViscosity | dynamic: 2.3 mPa.s at 15 °C (59 °F) Other informationSaturation concentration: 10 g/m3VOC content: Not applicableOther properties: Gas/vapor heavier than air at 20°C. Hygroscopic. Producing fumes/mist. Physical properties depending on the concentration. Substance has acid reaction.10. STABILITY AND REACTIVITYReactivityConcentrated solution reacts exothermically with water (moisture). Decomposes on exposure to temperature rise: release of toxic and corrosive gases/vapors (nitrous vapors) | ammonia | hydrogen fluoride | and nitrogen oxides. Violent to explosive reaction with many compounds e.g.: with (strong) reducers | with (some) bases | with organic material and with combustible materials with risk of spontaneous ignition. Reacts violently with (some) metals. Decomposes slowly on exposure to light: release of toxic and corrosive gases/vapors (nitrous vapors). Violent to explosive reaction with (some) metal powders: release of highly flammable gases/vapors (hydrogen).Chemical StabilityUnstable on exposure to light. Hygroscopic.Possiblilty of hazardous reactionsMay react violently with reducing agents.Conditions to avoidDirect sunlight. Incompatible materials.Incompatible materialsStrong bases. Strong reducing agents. Organic compounds. Cyanides. Combustible materials. Aldehydes. Ammonia. Metals. Alcohols."" | 3 | 1.66 | Not applicableSelf Ignition temperature: No data availableDecomposition temperature: No data | ""83 - 122 °CFlash point: Not applicableSelf Ignition temperature: No data availableDecomposition temperature: No data availableFlammability (solid | gas): No data availableVapor pressure: No data availableRelative vapour density at 20 °C: No data availableRelative Density: 1.66-1.7Relative density of saturated gas/air misture: No data availableDensity: 1660 – 1700 kg/m3Water Solubility: Water: CompleteViscosity | dynamic: 2.3 mPa.s at 15 °C (59 °F) Other informationSaturation concentration: 10 g/m3VOC content: Not applicableOther properties: Gas/vapor heavier than air at 20°C. Hygroscopic. Producing fumes/mist. Physical properties depending on the concentration. Substance has acid reaction.10. STABILITY AND REACTIVITYReactivityConcentrated solution reacts exothermically with water (moisture). Decomposes on exposure to temperature rise: release of toxic and corrosive gases/vapors (nitrous vapors) | ammonia | hydrogen fluoride | and nitrogen oxides. Violent to explosive reaction with many compounds e.g.: with (strong) reducers | with (some) bases | with organic material and with combustible materials with risk of spontaneous ignition. Reacts violently with (some) metals. Decomposes slowly on exposure to light: release of toxic and corrosive gases/vapors (nitrous vapors). Violent to explosive reaction with (some) metal powders: release of highly flammable gases/vapors (hydrogen).Chemical StabilityUnstable on exposure to light. Hygroscopic.Possiblilty of hazardous reactionsMay react violently with reducing agents.Conditions to avoidDirect sunlight. Incompatible materials.Incompatible materialsStrong bases. Strong reducing agents. Organic compounds. Cyanides. Combustible materials. Aldehydes. Ammonia. Metals. Alcohols."" | ""Water: CompleteViscosity | dynamic: 2.3 mPa.s at 15 °C (59 °F) Other informationSaturation concentration: 10 g/m3VOC content: Not applicableOther properties: Gas/vapor heavier than air at 20°C. Hygroscopic. Producing fumes/mist. Physical properties depending on the concentration. Substance has acid reaction.10. STABILITY AND REACTIVITYReactivityConcentrated solution reacts exothermically with water (moisture). Decomposes on exposure to temperature rise: release of toxic and corrosive gases/vapors (nitrous vapors)",SDS/Front9restoration/SDS-F9-BARC-2022.pdf
DOUBLE EAGLE,Front 9 Restoration,nan,nan,nan,nan,nan,nan,"""Not determinedEvaporation RateNot determinedFlammability (Solid","Gas)Not determinedFlammability Limits in AirUpper""","""Not determinedFlash pointNot determinedEvaporation RateNot determinedFlammability (Solid",10,Not determinedSolubility in other solventsNot determinedPartition CoefficientNot determinedAuto-ignition TemperatureNot determinedDocomposition TemperatureNot determinedKinectic ViscosityNot determinedDynamic ViscosityNot determinedExplosive PropertiesNot determinedOxiding PropertiesNot determined10. STABILITY AND REACTIVITYReactivityNot reactive under normal conditions Chemical stabilityStable under recommended storage conditionsPossibilty of Hazardous ReactionsNone under normal processing.Conditions to avoidKeep out of reach of children. Incompatible Materials None known based on information supplied.Hazardous decomposition productsNone known based on information supplied.,nan,nan,nan,FR SDS available. | EXTRA_LEFT:,SDS/Front9restoration/SDS-F9-Double-Eagle-2022.pdf
EFFLORESCENCE,Front 9 Restoration,nan,nan,nan,P303; P330; P351; P361,nan,nan,permanganates,e.g. potassium permanganate,Fluorine,metal acetylides,"hexalithium disilicideHazardous decomposition productsHazardous decomposition products formed under fire conditions. - Hydrogen chloride gas 11. TOXICOLOGICAL INFORMATIONAcute ToxicityLD50 Oral - rabbit - 900 mg/kg (Hydrochloric acid)LC50 Inhalation - rat - 1 h - 3124 ppm(Hydrochloric acid)Skin corrosion/irritationno data available (Hydrochloric acid) Serious eye damage/eye irritation""",nan,nan,nan,"FR SDS available. | EXTRA_LEFT: not applicableIgnition temperatureno data availableLower explosion limitno data availableUpper explosion | ""110° C (230° f)Flash pointnot applicableIgnition temperatureno data availableLower explosion limitno data availableUpper explosion limitno data availableVapor pressure227 hPa (170 mmHg) at 21.1 °C (70.0 °F)547 hPa (410 mmHg) at 37.7 °C (99.9 °F)Density1.2 g/cm3 at 25 °C (77 °F) Water SolubilitySolubleViscosity | dynamic2.3 mPa.s at 15 °C (59 °F) 10. STABILITY AND REACTIVITYChemical stabilityStable under recommended storage conditionsConditions to avoidNo data availableMaterials to avoidBases | Amines | Alkali metals | Metals | permanganates | e.g. potassium permanganate | Fluorine | metal acetylides | hexalithium disilicideHazardous decomposition productsHazardous decomposition products formed under fire conditions. - Hydrogen chloride gas 11. TOXICOLOGICAL INFORMATIONAcute ToxicityLD50 Oral - rabbit - 900 mg/kg (Hydrochloric acid)LC50 Inhalation - rat - 1 h - 3124 ppm(Hydrochloric acid)Skin corrosion/irritationno data available (Hydrochloric acid) Serious eye damage/eye irritation"" | ""SolubleViscosity | dynamic2.3 mPa.s at 15 °C (59 °F) . STABILITY AND REACTIVITYChemical stabilityStable under recommended storage conditionsConditions to avoidNo data availableMaterials to avoidBases | Amines | Alkali metals | Metals",SDS/Front9restoration/SDS-F9-Efflorescence-2022.pdf
GROUNDSKEEPER,Front 9 Restoration,nan,nan,nan,P303; P330; P351; P361,nan,nan,permanganates,e.g. potassium permanganate,Fluorine,metal acetylides,"hexalithium disilicideHazardous decomposition productsHazardous decomposition products formed under fire conditions. - Hydrogen chloride gas""",nan,nan,nan,"FR SDS available. | EXTRA_LEFT: not applicableIgnition temperatureno data availableLower explosion limitno data availableUpper explosion | ""110° C (230° f)Flash pointnot applicableIgnition temperatureno data availableLower explosion limitno data availableUpper explosion limitno data availableVapor pressure227 hPa (170 mmHg) at 21.1 °C (70.0 °F)547 hPa (410 mmHg) at 37.7 °C (99.9 °F)Density1.2 g/cm3 at 25 °C (77 °F) Water SolubilitySolubleViscosity | dynamic2.3 mPa.s at 15 °C (59 °F) 10. STABILITY AND REACTIVITYChemical stabilityStable under recommended storage conditionsConditions to avoidNo data availableMaterials to avoidBases | Amines | Alkali metals | Metals | permanganates | e.g. potassium permanganate | Fluorine | metal acetylides | hexalithium disilicideHazardous decomposition productsHazardous decomposition products formed under fire conditions. - Hydrogen chloride gas"" | ""SolubleViscosity | dynamic2.3 mPa.s at 15 °C (59 °F) 10. STABILITY AND REACTIVITYChemical stabilityStable under recommended storage conditionsConditions to avoidNo data availableMaterials to avoidBases | Amines | Alkali metals | Metals",SDS/Front9restoration/SDS-F9-Groundskeeper-2022.pdf
Break Wall,Trident,nan,WARNING,nan,nan,nan,Slight,1.05,"""118° C","estimated""",100,Solubility in Water:    Dispersable,nan,nan,SDS/Tridentprotects/Trident TDS.Break Wall rev. 9.4.24.pdf,FR SDS available. | EXTRA_LEFT: 5,SDS/Tridentprotects/Break Wall SDS 9.24.pdf
Cyclone,Trident,nan,WARNING,H316; H333,nan,nan,Physical State:     Liquid / Mild,7,1,nan,100,Solubility in Water:    Miscible,nan,nan,SDS/Tridentprotects/Trident TDS.Cyclone rev 9.4.24.pdf,FR SDS available.,SDS/Tridentprotects/Cyclone SDS 9.24.pdf
Point Break,Trident,nan,WARNING,nan,nan,nan,Pleasant scent,nan,1.09,No data available,100,Fully m iscible,nan,nan,SDS/Tridentprotects/Trident TDS.Point Break rev. 9.4.24.pdf,FR SDS available.,SDS/Tridentprotects/Point Break SDS 9.24.pdf
Rip Tide,Trident,nan,DANGER,nan,nan,nan,Solvent,nan,0.9,150,340,Nil,nan,nan,SDS/Tridentprotects/Trident TDS.Rip Tide rev 9.4.24.pdf,FR SDS available.,SDS/Tridentprotects/Rip Tide SDS 9.24.pdf
Sea Wall,Trident,nan,DANGER,nan,nan,nan,nan,nan,""". The vapo r is heavier than air","spreads""",65,nan,nan,nan,SDS/Tridentprotects/Trident TDS.Sea Wall 9.24.pdf,FR SDS available. | EXTRA_LEFT:,SDS/Tridentprotects/Sea Wall SDS 9.24.pdf
Safe Harbor,Trident,nan,DANGER,nan,nan,nan,Strong solvent odor,13.8,1.13,No data available,100,Slight,nan,nan,SDS/Tridentprotects/Trident TDS.Safe Harbor rev 9.4.24.pdf,FR SDS available.,SDS/Tridentprotects/Safe Harbor SDS 9.24.pdf
Tsunami,Trident,nan,DANGER,nan,nan,nan,nan,nan,nan,nan,nan,nan,nan,nan,SDS/Tridentprotects/Trident TDS.Tsunami rev. 9.4.24.pdf,FR SDS available.,SDS/Tridentprotects/Tsunami SDS 9.4.24.pdf
Typhoon,Trident,Moderately enhancing joint stabilizing sealer; semi‑gloss; water‑based,nan,nan,nan,nan,Physical State:     Liquid / Mild,nan,0.05,Not determined,760,miscible,Ready to use,80–120 (with joint stabilization); 150–250 (sealing only),SDS/Tridentprotects/Trident TDS.Typhoon rev. 9.4.24.pdf,FR SDS available.,SDS/Tridentprotects/Typhoon SDS 9.24.pdf
White Water,Trident,nan,WARNING,nan,nan,nan,Fresh Scent,nan,1.08,No data available,212,Fully Miscible,nan,nan,SDS/Tridentprotects/Trident TDS.White Water rev 9.4.24.pdf,FR SDS available.,SDS/Tridentprotects/White Water SDS 9.24.pdf
Barrier,Trident,nan,WARNING,H316; H332,nan,nan,Physical State:     Liquid / Mild,6,1,Not Determined,100,Solubility in Water:    Miscible,nan,nan,nan,FR SDS available.,SDS/Tridentprotects/Barrier SDS 6.20.pdf
Barrier,Trident,nan,WARNING,H316; H332,nan,nan,Physical State:     Liquid / Mild,6,1,Not Determined,100,Solubility in Water:    Miscible,nan,nan,nan,FR SDS available.,SDS/Tridentprotects/Barrier%20SDS%206.20.pdf
Hurricane CAT 4 Part A,Trident,nan,WARNING,H316; H333,nan,nan,Physical State:     Liquid / Mild,7,1,Not determined,760,Solubility in Water:    Miscible,nan,nan,nan,FR SDS available.,SDS/Tridentprotects/Hurricane CAT 4 SDS A and B 9.24.pdf
Jetty,Trident,nan,nan,nan,nan,nan,Physical State:     Liquid / Mild,7,1.01,Not determined,760,Miscible,nan,nan,nan,FR SDS available.,SDS/Tridentprotects/Jetty SDS 9.24.pdf
Paver Jointing Sand,Trident,nan,DANGER,nan,nan,nan,Revision Date:  9.4.24 / Not applicable,nan,0.05,Non -combustible,& Range :   Not applicable,Solubility in Water:    Insoluble,nan,nan,nan,FR SDS available.,SDS/Tridentprotects/Paver Jointing Sand SDS final 9.4.24.pdf
Tidal Wave,Trident,nan,DANGER,H226; H302; H304; H312; H315; H317; H319; H332,nan,nan,Semi -gel / Mild spicy,nan,1.03,Not Applicable,212,Slightly soluble,nan,nan,nan,FR SDS available.,SDS/Tridentprotects/Tidal Wave SDS 9.24.pdf
